ProfundidadIterativa2time,moves,ProfundidadlenSolution,AscensoColinaSimple1lenClosed,ProfundidadIterativa2lenOpened,ProfundidadLimitadatime,BidireccionallenOpened,AscensoColinaSimple1time,Bidireccionaltime,ProfundidadIterativa2lenClosed,AscensoColinaMaximaPendiente1time,ProfundidadlenClosed,ProfundidadIterativalenOpened,AscensoColinaMaximaPendiente1lenSolution,ProfundidadlenOpened,ProfundidadIterativatime,AscensoColinaSimple1lenOpened,ProfundidadIterativa2lenSolution,maxTime,Anchuratime,AscensoColinaSimple1lenSolution,ProfundidadIterativalenSolution,Profundidadtime,AnchuralenClosed,ProfundidadLimitadalenClosed,AnchuralenSolution,BidireccionallenClosed,AscensoColinaMaximaPendiente1lenClosed,ProfundidadLimitadalenSolution,AscensoColinaMaximaPendiente1lenOpened,ProfundidadLimitadalenOpened,BidireccionallenSolution,ProfundidadIterativalenClosed,AnchuralenOpened,Voraz1lenClosed,AStar1time,AscensoColinaMaximaPendiente2time,AscensoColinaSimple2lenSolution,Voraz2lenSolution,AStar2time,Voraz1time,AscensoColinaMaximaPendiente2lenSolution,AscensoColinaSimple2lenClosed,AStar1lenClosed,AStar2lenOpened,AscensoColinaSimple2time,Voraz2time,AStar2lenSolution,Voraz1lenSolution,AStar1lenOpened,Voraz2lenOpened,AscensoColinaSimple2lenOpened,Voraz1lenOpened,AStar1lenSolution,AStar2lenClosed,AscensoColinaMaximaPendiente2lenClosed,Voraz2lenClosed,AscensoColinaMaximaPendiente2lenOpened,AscensoColinaMaximaPendiente3lenClosed,AscensoColinaSimple3lenClosed,AStar3lenOpened,Voraz3lenOpened,AStar3time,AscensoColinaMaximaPendiente3lenOpened,AscensoColinaSimple3lenSolution,Voraz3lenClosed,AStar3lenSolution,AscensoColinaSimple3time,AscensoColinaMaximaPendiente3time,AStar3lenClosed,Voraz3time,Voraz3lenSolution,AscensoColinaMaximaPendiente3lenSolution,AscensoColinaSimple3lenOpened,VorazBidireccional1lenClosed,VorazBidireccional2lenSolution,VorazBidireccional2time,VorazBidireccional2lenOpened,VorazBidireccional1lenOpened,VorazBidireccional2lenClosed,VorazBidireccional3lenSolution,VorazBidireccional3lenOpened,VorazBidireccional3lenClosed,VorazBidireccional3time,VorazBidireccional1time,VorazBidireccional1lenSolution,IDAStar2lenClosed,IDAStar2time,AStar2maxMemory,Voraz3maxMemory,ProfundidadIterativa2maxMemory,AStar1maxMemory,AnchuramaxMemory,ProfundidadIterativamaxMemory,AscensoColinaSimple1maxMemory,AscensoColinaMaximaPendiente3maxMemory,Voraz2maxMemory,AscensoColinaMaximaPendiente1maxMemory,AscensoColinaMaximaPendiente2maxMemory,AscensoColinaSimple3maxMemory,IDAStar2lenOpened,IDAStar2maxMemory,IDAStar2lenSolution,ProfundidadLimitadamaxMemory,VorazBidireccional1maxMemory,VorazBidireccional3maxMemory,BidireccionalmaxMemory,ProfundidadmaxMemory,AscensoColinaSimple2maxMemory,AStar3maxMemory,Voraz1maxMemory,VorazBidireccional2maxMemory,IDAStar3lenClosed,IDAStar1maxMemory,IDAStar1lenSolution,IDAStar1time,IDAStar3time,IDAStar1lenOpened,IDAStar1lenClosed,IDAStar3lenSolution,IDAStar3maxMemory,IDAStar3lenOpened
0.025305747985839844,"[8, 9]",inf,0,0,20.00043535232544,17,0.004467964172363281,0.005762815475463867,80,0.004853487014770508,4802,0,inf,46382,0.028856992721557617,0,2,20,0.025835514068603516,inf,2,20.376997232437134,7,61114,2,2,0,inf,0,0,2,93,71,,,,,,,,,,,,,,,,,,,,,,,,,,,,,,,,,,,,,,,,,,,,,,,,,,,,,,,,,,,,,,,,,,,,,,,,,,,,,,,,,,,,,,,,
60.00024199485779,"[8, 7, 3, 5, 7, 11]",inf,0,0,60.0003297328949,1859,0.005721092224121094,8.91215991973877,176809,0.007670402526855469,14291,0,inf,137983,60.000086069107056,0,inf,60,60.978084087371826,inf,inf,61.48027968406677,14259,169819,inf,221,0,inf,0,0,6,164857,119407,,,,,,,,,,,,,,,,,,,,,,,,,,,,,,,,,,,,,,,,,,,,,,,,,,,,,,,,,,,,,,,,,,,,,,,,,,,,,,,,,,,,,,,,
7.081031799316406e-05,"[7, 1]",0,0,0,7.104873657226562e-05,2,0.00036978721618652344,0.0003821849822998047,1,0.000244140625,0,0,0,0,8.0108642578125e-05,0,0,20,4.696846008300781e-05,0,0,2.9325485229492188e-05,0,1,0,0,0,0,0,0,0,1,1,,,,,,,,,,,,,,,,,,,,,,,,,,,,,,,,,,,,,,,,,,,,,,,,,,,,,,,,,,,,,,,,,,,,,,,,,,,,,,,,,,,,,,,,
0.04171562194824219,"[7, 11]",inf,0,0,20.000283241271973,15,0.005377531051635742,0.004992246627807617,126,0.0046079158782958984,4940,0,inf,47714,0.044254302978515625,0,2,20,0.03512835502624512,inf,2,20.395335912704468,11,60010,2,2,0,inf,0,0,2,139,99,,,,,,,,,,,,,,,,,,,,,,,,,,,,,,,,,,,,,,,,,,,,,,,,,,,,,,,,,,,,,,,,,,,,,,,,,,,,,,,,,,,,,,,,
0.04120039939880371,"[7, 1, 11, 10]",88,0,0,40.000234842300415,23,0.0038759708404541016,0.010602474212646484,109,0.0023331642150878906,88,0,2,853,0.04329657554626465,0,2,40,0.051685333251953125,2,2,0.4155843257904053,9,95616,2,2,0,inf,0,0,2,122,91,,,,,,,,,,,,,,,,,,,,,,,,,,,,,,,,,,,,,,,,,,,,,,,,,,,,,,,,,,,,,,,,,,,,,,,,,,,,,,,,,,,,,,,,
0.016079425811767578,"[6, 8]",inf,0,0,20.0008807182312,13,0.0041046142578125,0.004522800445556641,52,0.0049114227294921875,4664,0,inf,45049,0.020615816116333008,0,2,20,0.015506744384765625,inf,2,20.446096897125244,5,57306,2,2,0,inf,0,0,2,65,50,,,,,,,,,,,,,,,,,,,,,,,,,,,,,,,,,,,,,,,,,,,,,,,,,,,,,,,,,,,,,,,,,,,,,,,,,,,,,,,,,,,,,,,,
0.005164623260498047,"[6, 5]",inf,0,0,20.000919103622437,13,0.0025930404663085938,0.0042989253997802734,14,0.0023763179779052734,4717,0,2,45562,0.008697032928466797,0,2,20,0.006261110305786133,2,2,20.577983379364014,1,60025,2,2,0,inf,0,0,2,27,22,,,,,,,,,,,,,,,,,,,,,,,,,,,,,,,,,,,,,,,,,,,,,,,,,,,,,,,,,,,,,,,,,,,,,,,,,,,,,,,,,,,,,,,,
0.0466001033782959,"[6, 3]",inf,0,0,20.000691413879395,13,0.003973722457885742,0.004244089126586914,88,0.0045013427734375,4526,0,inf,43718,0.0440213680267334,0,2,20,0.027758359909057617,inf,2,20.448023796081543,8,60779,2,2,0,inf,0,0,2,101,77,,,,,,,,,,,,,,,,,,,,,,,,,,,,,,,,,,,,,,,,,,,,,,,,,,,,,,,,,,,,,,,,,,,,,,,,,,,,,,,,,,,,,,,,
80.00010657310486,"[6, 2, 6, 1, 9, 5, 3, 4]",inf,0,0,80.00022506713867,5678,0.005257129669189453,80.06231713294983,236836,0.008766412734985352,17370,0,inf,167699,80.00026965141296,0,inf,80,81.3325355052948,inf,inf,81.42096495628357,17272,242089,inf,676,0,inf,0,0,inf,238183,144636,,,,,,,,,,,,,,,,,,,,,,,,,,,,,,,,,,,,,,,,,,,,,,,,,,,,,,,,,,,,,,,,,,,,,,,,,,,,,,,,,,,,,,,,
70.00019311904907,"[5, 9, 1, 9, 6, 3, 0]",inf,0,0,70.0003514289856,4711,0.006573200225830078,56.50717806816101,208305,0.0046062469482421875,16644,0,inf,160695,70.00010347366333,0,inf,70,71.23228645324707,inf,inf,73.63098359107971,17093,165941,inf,563,0,inf,0,0,7,214651,143138,,,,,,,,,,,,,,,,,,,,,,,,,,,,,,,,,,,,,,,,,,,,,,,,,,,,,,,,,,,,,,,,,,,,,,,,,,,,,,,,,,,,,,,,
0.01861882209777832,"[4, 8]",inf,0,0,20.0005784034729,17,0.0029854774475097656,0.005770683288574219,60,0.002479076385498047,4306,0,2,41594,0.023830175399780273,0,2,20,0.020081758499145508,2,2,20.328136920928955,5,60928,2,2,0,inf,0,0,2,73,58,,,,,,,,,,,,,,,,,,,,,,,,,,,,,,,,,,,,,,,,,,,,,,,,,,,,,,,,,,,,,,,,,,,,,,,,,,,,,,,,,,,,,,,,
60.00032591819763,"[4, 11, 9, 11, 11, 10]",inf,0,0,60.000386238098145,1711,0.00485682487487793,7.421032667160034,183063,0.0066988468170166016,13875,0,inf,133968,60.00030779838562,0,inf,60,61.0466365814209,inf,inf,61.14055848121643,14474,176385,inf,204,0,inf,0,0,6,176759,121208,,,,,,,,,,,,,,,,,,,,,,,,,,,,,,,,,,,,,,,,,,,,,,,,,,,,,,,,,,,,,,,,,,,,,,,,,,,,,,,,,,,,,,,,
7.414817810058594e-05,"[4, 10]",0,0,0,7.152557373046875e-05,2,0.00018930435180664062,0.00035572052001953125,1,0.00021791458129882812,0,0,0,0,8.320808410644531e-05,0,0,20,3.7670135498046875e-05,0,0,3.1948089599609375e-05,0,1,0,0,0,0,0,0,0,1,1,,,,,,,,,,,,,,,,,,,,,,,,,,,,,,,,,,,,,,,,,,,,,,,,,,,,,,,,,,,,,,,,,,,,,,,,,,,,,,,,,,,,,,,,
60.00022840499878,"[3, 8, 9, 11, 7, 5]",inf,0,0,60.00043439865112,2008,0.0033957958221435547,9.959701299667358,164274,0.00447845458984375,13650,0,inf,131795,60.00007605552673,0,inf,60,61.0680251121521,inf,inf,61.133731842041016,14120,171661,inf,239,0,inf,0,0,6,171429,118243,,,,,,,,,,,,,,,,,,,,,,,,,,,,,,,,,,,,,,,,,,,,,,,,,,,,,,,,,,,,,,,,,,,,,,,,,,,,,,,,,,,,,,,,
100.00014877319336,"[3, 7, 9, 4, 9, 0, 5, 6, 8, 9]",inf,0,0,100.00036478042603,1325,0.006917238235473633,4.557595729827881,288055,0.007069587707519531,22325,0,inf,215536,100.00008893013,0,inf,100,101.60824656486511,inf,inf,101.76953506469727,23363,291211,inf,157,0,inf,0,0,6,281793,195624,,,,,,,,,,,,,,,,,,,,,,,,,,,,,,,,,,,,,,,,,,,,,,,,,,,,,,,,,,,,,,,,,,,,,,,,,,,,,,,,,,,,,,,,
50.00040626525879,"[3, 5, 9, 0, 4]",inf,0,0,50.00039219856262,1410,0.00702357292175293,6.655687093734741,150874,0.004485607147216797,11827,0,inf,114197,50.000258445739746,0,inf,50,40.262582540512085,inf,inf,50.99792528152466,9148,145775,5,168,0,inf,0,0,5,149600,76602,,,,,,,,,,,,,,,,,,,,,,,,,,,,,,,,,,,,,,,,,,,,,,,,,,,,,,,,,,,,,,,,,,,,,,,,,,,,,,,,,,,,,,,,
0.035027503967285156,"[2, 4, 8]",inf,0,0,30.00029468536377,10,0.0026667118072509766,0.004068613052368164,111,0.002385854721069336,7072,0,1,68295,0.0032091140747070312,0,1,30,0.0028095245361328125,1,1,30.550967931747437,0,85900,1,1,0,inf,0,0,1,12,9,,,,,,,,,,,,,,,,,,,,,,,,,,,,,,,,,,,,,,,,,,,,,,,,,,,,,,,,,,,,,,,,,,,,,,,,,,,,,,,,,,,,,,,,
0.016972064971923828,"[2, 2]",inf,0,0,20.000375509262085,16,0.0023255348205566406,0.005591630935668945,56,0.0022640228271484375,4657,0,inf,44982,0.020923137664794922,0,2,20,0.016870975494384766,inf,2,20.386624097824097,5,60527,2,2,0,inf,0,0,2,69,54,,,,,,,,,,,,,,,,,,,,,,,,,,,,,,,,,,,,,,,,,,,,,,,,,,,,,,,,,,,,,,,,,,,,,,,,,,,,,,,,,,,,,,,,
0.013248205184936523,"[2, 1]",inf,0,0,20.00034189224243,16,0.002471446990966797,0.005738735198974609,44,0.0026628971099853516,4311,0,2,41642,0.01757335662841797,0,2,20,0.015216350555419922,2,2,20.35875678062439,4,59799,2,2,0,inf,0,0,2,57,44,,,,,,,,,,,,,,,,,,,,,,,,,,,,,,,,,,,,,,,,,,,,,,,,,,,,,,,,,,,,,,,,,,,,,,,,,,,,,,,,,,,,,,,,
0.012810707092285156,"[11, 7]",inf,0,0,20.000250816345215,23,0.0027680397033691406,0.007954120635986328,37,0.002401113510131836,4291,0,2,41450,0.016704797744750977,0,2,20,0.02317357063293457,2,2,20.351840019226074,3,57970,2,2,0,inf,0,0,2,50,40,,,,,,,,,,,,,,,,,,,,,,,,,,,,,,,,,,,,,,,,,,,,,,,,,,,,,,,,,,,,,,,,,,,,,,,,,,,,,,,,,,,,,,,,
2.1299943923950195,"[11, 6, 6, 8]",inf,0,0,40.00038456916809,99,0.0057184696197509766,0.05656266212463379,6004,0.004976034164428711,9759,0,inf,94234,2.6592724323272705,0,4,40,1.7585923671722412,inf,4,40.77140212059021,520,116857,4,11,0,inf,0,0,4,7614,4357,,,,,,,,,,,,,,,,,,,,,,,,,,,,,,,,,,,,,,,,,,,,,,,,,,,,,,,,,,,,,,,,,,,,,,,,,,,,,,,,,,,,,,,,
70.00029492378235,"[11, 2, 2, 7, 7, 7, 1]",inf,0,0,70.00046300888062,617,0.002318143844604492,1.1084041595458984,206656,0.0022597312927246094,16246,0,inf,156856,18.668527603149414,0,inf,70,12.129524946212769,inf,5,71.2761561870575,3254,204246,5,73,0,inf,0,0,5,54739,27255,,,,,,,,,,,,,,,,,,,,,,,,,,,,,,,,,,,,,,,,,,,,,,,,,,,,,,,,,,,,,,,,,,,,,,,,,,,,,,,,,,,,,,,,
2.192781925201416,"[10, 6, 8, 8]",inf,0,0,40.00049543380737,191,0.0046634674072265625,0.15876340866088867,6534,0.004581451416015625,9257,0,inf,89388,2.943363666534424,0,4,40,2.143264055252075,inf,4,40.7273063659668,562,121167,4,22,0,inf,0,0,4,8144,4706,,,,,,,,,,,,,,,,,,,,,,,,,,,,,,,,,,,,,,,,,,,,,,,,,,,,,,,,,,,,,,,,,,,,,,,,,,,,,,,,,,,,,,,,
70.00019431114197,"[1, 2, 6, 2, 11, 7, 5]",inf,0,0,70.00039625167847,5282,0.005365133285522461,70.0488977432251,198210,0.009048938751220703,15894,0,inf,153458,70.0002703666687,0,inf,70,71.15567994117737,inf,inf,71.27348494529724,15873,195788,inf,630,0,inf,0,0,inf,202260,132923,,,,,,,,,,,,,,,,,,,,,,,,,,,,,,,,,,,,,,,,,,,,,,,,,,,,,,,,,,,,,,,,,,,,,,,,,,,,,,,,,,,,,,,,
100.00019717216492,"[1, 2, 5, 4, 1, 9, 2, 2, 1, 7]",inf,0,0,100.00116848945618,6104,0.008899450302124023,100.24790167808533,294298,0.0053746700286865234,23892,0,inf,230670,100.00021052360535,0,inf,100,101.72935509681702,inf,inf,101.95864510536194,23251,289483,inf,728,0,inf,0,0,inf,292702,194688,,,,,,,,,,,,,,,,,,,,,,,,,,,,,,,,,,,,,,,,,,,,,,,,,,,,,,,,,,,,,,,,,,,,,,,,,,,,,,,,,,,,,,,,
1.186549425125122,"[1, 0, 9, 2, 8, 7, 3]",inf,0,0,70.0003273487091,62,0.0029184818267822266,0.031766414642333984,3229,0.004924297332763672,15715,0,inf,151730,0.16320443153381348,0,3,70,0.1265101432800293,inf,3,71.34761428833008,36,200310,3,7,0,inf,0,0,3,443,299,,,,,,,,,,,,,,,,,,,,,,,,,,,,,,,,,,,,,,,,,,,,,,,,,,,,,,,,,,,,,,,,,,,,,,,,,,,,,,,,,,,,,,,,
90.00013184547424,"[0, 1, 10, 6, 11, 11, 8, 7, 2]",inf,0,0,90.00029444694519,5708,0.004455089569091797,90.116628408432,273664,0.004461526870727539,20574,0,inf,198634,90.00024437904358,0,inf,90,91.48213648796082,inf,inf,91.59504866600037,21291,267720,inf,680,0,inf,0,0,inf,270987,178287,,,,,,,,,,,,,,,,,,,,,,,,,,,,,,,,,,,,,,,,,,,,,,,,,,,,,,,,,,,,,,,,,,,,,,,,,,,,,,,,,,,,,,,,
0.019152402877807617,[2],inf,0,0,10.000488758087158,6,0.00127410888671875,0.002361774444580078,63,0.0027387142181396484,2192,0,1,21186,0.0019335746765136719,0,1,10,0.0018401145935058594,1,1,10.164260387420654,0,26316,1,1,0,inf,0,0,1,8,5,,,,,,,,,,,,,,,,,,,,,,,,,,,,,,,,,,,,,,,,,,,,,,,,,,,,,,,,,,,,,,,,,,,,,,,,,,,,,,,,,,,,,,,,
0.027705669403076172,[3],inf,0,0,10.000234365463257,8,0.0016262531280517578,0.0024709701538085938,87,0.0023598670959472656,2159,0,1,20867,0.0028188228607177734,0,1,10,0.0022039413452148438,1,1,10.17137885093689,0,30812,1,1,0,inf,0,0,1,10,7,,,,,,,,,,,,,,,,,,,,,,,,,,,,,,,,,,,,,,,,,,,,,,,,,,,,,,,,,,,,,,,,,,,,,,,,,,,,,,,,,,,,,,,,
0.0342099666595459,[4],inf,0,0,10.000499725341797,10,0.0019690990447998047,0.0029823780059814453,111,0.002385377883911133,2425,0,1,23436,0.0031037330627441406,0,1,10,0.002679586410522461,1,1,10.183356761932373,0,31286,1,1,0,inf,0,0,1,12,9,,,,,,,,,,,,,,,,,,,,,,,,,,,,,,,,,,,,,,,,,,,,,,,,,,,,,,,,,,,,,,,,,,,,,,,,,,,,,,,,,,,,,,,,
0.02323293685913086,[9],inf,0,0,10.001034021377563,7,0.0016753673553466797,0.0028378963470458984,75,0.0026290416717529297,2196,0,1,21225,0.002312898635864258,0,1,10,0.0018918514251708984,1,1,10.173920154571533,0,28718,1,1,0,inf,0,0,1,9,6,,,,,,,,,,,,,,,,,,,,,,,,,,,,,,,,,,,,,,,,,,,,,,,,,,,,,,,,,,,,,,,,,,,,,,,,,,,,,,,,,,,,,,,,
0.04616498947143555,[5],1,0,0,10.000396966934204,12,0.0025222301483154297,0.0036423206329345703,135,0.0023348331451416016,1,0,1,11,0.0040280818939208984,0,1,10,0.0031456947326660156,1,1,0.003595113754272461,0,28626,1,1,0,inf,0,0,1,14,11,,,,,,,,,,,,,,,,,,,,,,,,,,,,,,,,,,,,,,,,,,,,,,,,,,,,,,,,,,,,,,,,,,,,,,,,,,,,,,,,,,,,,,,,
0.038924455642700195,[11],inf,0,0,10.000423192977905,11,0.0021648406982421875,0.003252267837524414,123,0.002363920211791992,2337,0,1,22587,0.0034134387969970703,0,1,10,0.0031189918518066406,1,1,10.212310075759888,0,29088,1,1,0,inf,0,0,1,13,10,,,,,,,,,,,,,,,,,,,,,,,,,,,,,,,,,,,,,,,,,,,,,,,,,,,,,,,,,,,,,,,,,,,,,,,,,,,,,,,,,,,,,,,,
0.012047529220581055,[1],inf,0,0,10.000262975692749,4,0.0009279251098632812,0.0014605522155761719,39,0.0023703575134277344,2261,0,1,21853,0.0013108253479003906,0,1,10,0.0014772415161132812,1,1,10.17069125175476,0,31431,1,1,0,inf,0,0,1,6,3,,,,,,,,,,,,,,,,,,,,,,,,,,,,,,,,,,,,,,,,,,,,,,,,,,,,,,,,,,,,,,,,,,,,,,,,,,,,,,,,,,,,,,,,
0.004210948944091797,[0],inf,0,0,0.0008687973022460938,2,0.001026153564453125,0.0008649826049804688,15,0.0025773048400878906,2370,0,1,22905,0.0007405281066894531,0,1,10,0.0005753040313720703,1,1,10.18051290512085,0,4,1,1,0,3,0,0,1,4,1,,,,,,,,,,,,,,,,,,,,,,,,,,,,,,,,,,,,,,,,,,,,,,,,,,,,,,,,,,,,,,,,,,,,,,,,,,,,,,,,,,,,,,,,
0.00042247772216796875,[6],inf,0,0,0.00031638145446777344,1,0.0003807544708251953,0.0008945465087890625,3,0.0023081302642822266,2391,0,1,23107,0.0005016326904296875,0,1,10,0.0012676715850830078,1,1,10.180261850357056,0,2,1,1,0,1,0,0,1,3,0,,,,,,,,,,,,,,,,,,,,,,,,,,,,,,,,,,,,,,,,,,,,,,,,,,,,,,,,,,,,,,,,,,,,,,,,,,,,,,,,,,,,,,,,
0.007970333099365234,[7],inf,0,0,10.000352621078491,3,0.0007679462432861328,0.0011086463928222656,27,0.002354860305786133,2479,0,1,23957,0.0010924339294433594,0,1,10,0.0008089542388916016,1,1,10.189561605453491,0,31536,1,1,0,inf,0,0,1,5,2,,,,,,,,,,,,,,,,,,,,,,,,,,,,,,,,,,,,,,,,,,,,,,,,,,,,,,,,,,,,,,,,,,,,,,,,,,,,,,,,,,,,,,,,
0.016452789306640625,[8],inf,0,0,10.000483751296997,5,0.0010941028594970703,0.001705169677734375,51,0.0024988651275634766,2411,0,1,23301,0.0016126632690429688,0,1,10,0.0012946128845214844,1,1,10.184348106384277,0,30881,1,1,0,inf,0,0,1,7,4,,,,,,,,,,,,,,,,,,,,,,,,,,,,,,,,,,,,,,,,,,,,,,,,,,,,,,,,,,,,,,,,,,,,,,,,,,,,,,,,,,,,,,,,
0.03040146827697754,[10],inf,0,0,10.000298261642456,9,0.0017962455749511719,0.0027337074279785156,99,0.002354145050048828,2552,0,1,24661,0.0027201175689697266,0,1,10,0.002337932586669922,1,1,10.677817583084106,0,30785,1,1,0,inf,0,0,1,11,8,,,,,,,,,,,,,,,,,,,,,,,,,,,,,,,,,,,,,,,,,,,,,,,,,,,,,,,,,,,,,,,,,,,,,,,,,,,,,,,,,,,,,,,,
1.2263460159301758,"[2, 10, 7, 3]",inf,0,0,40.00042653083801,117,0.006293058395385742,0.06138944625854492,3935,0.004510164260864258,9419,0,inf,90951,1.7433865070343018,0,4,40,1.706364393234253,inf,4,41.37378907203674,388,128380,4,12,0,inf,0,0,4,5545,3251,,,,,,,,,,,,,,,,,,,,,,,,,,,,,,,,,,,,,,,,,,,,,,,,,,,,,,,,,,,,,,,,,,,,,,,,,,,,,,,,,,,,,,,,
0.015750885009765625,"[2, 2, 2]",inf,0,0,30.00037455558777,5,0.0010833740234375,0.0016939640045166016,51,0.0023069381713867188,7398,0,1,71442,0.0017426013946533203,0,1,30,0.0013346672058105469,1,1,30.562122106552124,0,93508,1,1,0,inf,0,0,1,7,4,,,,,,,,,,,,,,,,,,,,,,,,,,,,,,,,,,,,,,,,,,,,,,,,,,,,,,,,,,,,,,,,,,,,,,,,,,,,,,,,,,,,,,,,
1.64945387840271,"[0, 0, 1, 9]",inf,0,0,40.00023651123047,85,0.004103899002075195,0.042879343032836914,5198,0.004493236541748047,10195,0,inf,98443,2.186616897583008,0,4,40,1.5671617984771729,inf,4,40.74863934516907,469,127005,4,9,0,inf,0,0,4,6808,3920,,,,,,,,,,,,,,,,,,,,,,,,,,,,,,,,,,,,,,,,,,,,,,,,,,,,,,,,,,,,,,,,,,,,,,,,,,,,,,,,,,,,,,,,
0.006037235260009766,"[1, 0, 4, 10]",inf,0,0,40.00047492980957,14,0.0013096332550048828,0.004431009292602539,18,0.002395153045654297,10026,0,2,96812,0.012993812561035156,0,2,40,0.007126331329345703,2,2,40.9187798500061,2,121847,2,2,0,inf,0,0,2,31,23,,,,,,,,,,,,,,,,,,,,,,,,,,,,,,,,,,,,,,,,,,,,,,,,,,,,,,,,,,,,,,,,,,,,,,,,,,,,,,,,,,,,,,,,
2.6740736961364746,"[3, 11, 3, 2]",inf,0,0,40.000734090805054,153,0.011189699172973633,0.16771912574768066,8368,0.005366802215576172,9616,0,4,92853,3.217064619064331,0,4,40,2.6228435039520264,inf,4,40.73845934867859,680,121076,4,16,0,inf,0,0,4,9978,5694,,,,,,,,,,,,,,,,,,,,,,,,,,,,,,,,,,,,,,,,,,,,,,,,,,,,,,,,,,,,,,,,,,,,,,,,,,,,,,,,,,,,,,,,
0.025569915771484375,"[2, 9]",inf,0,0,20.000381231307983,16,0.0046558380126953125,0.005179882049560547,81,0.009156227111816406,4870,0,inf,47038,0.028025150299072266,0,2,20,0.028756141662597656,inf,2,20.46542477607727,7,62125,2,2,0,inf,0,0,2,94,72,,,,,,,,,,,,,,,,,,,,,,,,,,,,,,,,,,,,,,,,,,,,,,,,,,,,,,,,,,,,,,,,,,,,,,,,,,,,,,,,,,,,,,,,
0.03268551826477051,"[4, 3]",inf,0,0,20.00045871734619,20,0.00394439697265625,0.0067484378814697266,96,0.0025043487548828125,4639,0,2,44809,0.03974199295043945,0,2,20,0.02846813201904297,2,2,20.40093207359314,8,57978,2,2,0,inf,0,0,2,109,82,,,,,,,,,,,,,,,,,,,,,,,,,,,,,,,,,,,,,,,,,,,,,,,,,,,,,,,,,,,,,,,,,,,,,,,,,,,,,,,,,,,,,,,,
0.26262879371643066,"[9, 2, 6]",inf,0,0,30.000275135040283,27,0.0027365684509277344,0.01029062271118164,741,0.0024013519287109375,6624,0,3,63970,0.06760048866271973,0,3,30,0.05840802192687988,3,3,30.574333906173706,18,89006,3,3,0,inf,0,0,3,216,155,,,,,,,,,,,,,,,,,,,,,,,,,,,,,,,,,,,,,,,,,,,,,,,,,,,,,,,,,,,,,,,,,,,,,,,,,,,,,,,,,,,,,,,,
0.04288506507873535,"[5, 0, 6]",1,0,0,30.000417947769165,12,0.0023870468139648438,0.003609895706176758,135,0.0023567676544189453,1,0,1,11,0.003589630126953125,0,1,30,0.003189563751220703,1,1,0.003013134002685547,0,90795,1,1,0,inf,0,0,1,14,11,,,,,,,,,,,,,,,,,,,,,,,,,,,,,,,,,,,,,,,,,,,,,,,,,,,,,,,,,,,,,,,,,,,,,,,,,,,,,,,,,,,,,,,,
5.697041988372803,"[5, 8, 10, 11]",inf,0,0,40.00024199485779,208,0.009261608123779297,0.18848848342895508,15385,0.007139682769775391,9178,0,inf,88625,5.885855674743652,0,4,40,4.307151556015015,inf,4,40.738292932510376,1064,114906,4,24,0,inf,0,0,4,16995,8915,,,,,,,,,,,,,,,,,,,,,,,,,,,,,,,,,,,,,,,,,,,,,,,,,,,,,,,,,,,,,,,,,,,,,,,,,,,,,,,,,,,,,,,,
6.461143493652344e-05,"[3, 9]",0,0,0,6.4849853515625e-05,2,0.0001735687255859375,0.00032448768615722656,1,0.00017642974853515625,0,0,0,0,7.152557373046875e-05,0,0,20,3.075599670410156e-05,0,0,2.6941299438476562e-05,0,1,0,0,0,0,0,0,0,1,1,,,,,,,,,,,,,,,,,,,,,,,,,,,,,,,,,,,,,,,,,,,,,,,,,,,,,,,,,,,,,,,,,,,,,,,,,,,,,,,,,,,,,,,,
9.036064147949219e-05,"[11, 5]",0,0,0,6.604194641113281e-05,2,0.00023412704467773438,0.0003292560577392578,1,0.00017571449279785156,0,0,0,0,0.00010037422180175781,0,0,20,2.8848648071289062e-05,0,0,2.9325485229492188e-05,0,1,0,0,0,0,0,0,0,1,1,,,,,,,,,,,,,,,,,,,,,,,,,,,,,,,,,,,,,,,,,,,,,,,,,,,,,,,,,,,,,,,,,,,,,,,,,,,,,,,,,,,,,,,,
0.029541015625,"[10, 3]",inf,0,0,20.00039291381836,21,0.003271818161010742,0.006880998611450195,95,0.0026886463165283203,4750,0,2,45881,0.0337066650390625,0,2,20,0.027478933334350586,2,2,20.45471215248108,8,59067,2,2,0,inf,0,0,2,108,81,,,,,,,,,,,,,,,,,,,,,,,,,,,,,,,,,,,,,,,,,,,,,,,,,,,,,,,,,,,,,,,,,,,,,,,,,,,,,,,,,,,,,,,,
2.1950080394744873,"[5, 6, 8]",inf,0,0,30.00046730041504,60,0.0053558349609375,0.028275012969970703,6114,0.004767179489135742,6994,0,inf,67542,0.24829649925231934,0,3,30,0.18527817726135254,inf,3,31.45919370651245,56,86622,3,6,0,inf,0,0,3,705,473,,,,,,,,,,,,,,,,,,,,,,,,,,,,,,,,,,,,,,,,,,,,,,,,,,,,,,,,,,,,,,,,,,,,,,,,,,,,,,,,,,,,,,,,
5.832656383514404,"[0, 10, 10, 5]",inf,0,0,40.00058555603027,219,0.005017280578613281,0.21164679527282715,17381,0.004553794860839844,8741,0,inf,84407,6.467524766921997,0,4,40,4.3490540981292725,inf,4,40.686789751052856,1185,113288,4,25,0,inf,0,0,4,18991,9921,,,,,,,,,,,,,,,,,,,,,,,,,,,,,,,,,,,,,,,,,,,,,,,,,,,,,,,,,,,,,,,,,,,,,,,,,,,,,,,,,,,,,,,,
0.021903276443481445,"[4, 2, 0, 6]",inf,0,0,40.000513553619385,16,0.003956794738769531,0.00672459602355957,72,0.0028378963470458984,9257,0,2,89388,0.028099536895751953,0,2,40,0.02091383934020996,2,2,40.724414110183716,6,114798,2,2,0,inf,0,0,2,85,67,,,,,,,,,,,,,,,,,,,,,,,,,,,,,,,,,,,,,,,,,,,,,,,,,,,,,,,,,,,,,,,,,,,,,,,,,,,,,,,,,,,,,,,,
2.5637946128845215,"[9, 4, 4, 8]",inf,0,0,40.00032901763916,164,0.0045588016510009766,0.16392302513122559,7026,0.004813432693481445,8359,0,inf,80719,3.4387423992156982,0,4,40,2.191436290740967,inf,4,40.74969005584717,595,114317,4,18,0,inf,0,0,4,8636,4982,,,,,,,,,,,,,,,,,,,,,,,,,,,,,,,,,,,,,,,,,,,,,,,,,,,,,,,,,,,,,,,,,,,,,,,,,,,,,,,,,,,,,,,,
4.816167593002319,"[11, 1, 5, 10]",inf,0,0,40.00030732154846,220,0.005050182342529297,0.19163227081298828,13211,0.006913900375366211,8403,0,inf,81144,5.918918132781982,0,4,40,3.8766441345214844,inf,4,40.74128317832947,953,102501,4,26,0,inf,0,0,4,14821,7984,,,,,,,,,,,,,,,,,,,,,,,,,,,,,,,,,,,,,,,,,,,,,,,,,,,,,,,,,,,,,,,,,,,,,,,,,,,,,,,,,,,,,,,,
4.657570123672485,"[5, 4, 4]",inf,0,0,30.000422477722168,173,0.004587650299072266,0.13876986503601074,13019,0.0045909881591796875,6770,0,inf,65380,0.4971001148223877,0,3,30,0.352247953414917,inf,3,30.56585931777954,100,83451,3,19,0,inf,0,0,3,1333,841,,,,,,,,,,,,,,,,,,,,,,,,,,,,,,,,,,,,,,,,,,,,,,,,,,,,,,,,,,,,,,,,,,,,,,,,,,,,,,,,,,,,,,,,
3.16512393951416,"[11, 0, 7, 2]",inf,0,0,40.00056838989258,121,0.005615711212158203,0.07738685607910156,7743,0.004791259765625,8525,0,inf,82321,3.634054660797119,0,4,40,3.3873684406280518,inf,4,40.746811389923096,645,110236,4,13,0,inf,0,0,4,9353,5404,,,,,,,,,,,,,,,,,,,,,,,,,,,,,,,,,,,,,,,,,,,,,,,,,,,,,,,,,,,,,,,,,,,,,,,,,,,,,,,,,,,,,,,,
0.0354609489440918,"[6, 10, 7, 1]",inf,0,0,40.00054955482483,13,0.005196094512939453,0.0047299861907958984,100,0.005593776702880859,8679,0,inf,83809,0.040078163146972656,0,2,40,0.032216548919677734,inf,2,41.770060300827026,9,107644,2,2,0,inf,0,0,2,113,84,,,,,,,,,,,,,,,,,,,,,,,,,,,,,,,,,,,,,,,,,,,,,,,,,,,,,,,,,,,,,,,,,,,,,,,,,,,,,,,,,,,,,,,,
6.318092346191406e-05,"[1, 7]",0,0,0,6.437301635742188e-05,2,0.0002448558807373047,0.0003237724304199219,1,0.00020384788513183594,0,0,0,0,7.200241088867188e-05,0,0,20,3.147125244140625e-05,0,0,3.8623809814453125e-05,0,1,0,0,0,0,0,0,0,1,1,,,,,,,,,,,,,,,,,,,,,,,,,,,,,,,,,,,,,,,,,,,,,,,,,,,,,,,,,,,,,,,,,,,,,,,,,,,,,,,,,,,,,,,,
3.5230555534362793,"[9, 9, 0, 9]",inf,0,0,40.000247955322266,149,0.004597187042236328,0.09761643409729004,9116,0.0046024322509765625,8536,0,inf,82427,4.145130395889282,0,4,40,2.752621650695801,inf,4,40.808579444885254,731,113921,4,16,0,inf,0,0,4,10726,6124,,,,,,,,,,,,,,,,,,,,,,,,,,,,,,,,,,,,,,,,,,,,,,,,,,,,,,,,,,,,,,,,,,,,,,,,,,,,,,,,,,,,,,,,
2.4566457271575928,"[4, 11, 8]",inf,0,0,30.00023102760315,108,0.007877111434936523,0.06512784957885742,7296,0.0044803619384765625,7059,0,inf,68170,0.2632431983947754,0,3,30,0.2115938663482666,inf,3,30.555970191955566,65,90698,3,11,0,inf,0,0,3,812,547,,,,,,,,,,,,,,,,,,,,,,,,,,,,,,,,,,,,,,,,,,,,,,,,,,,,,,,,,,,,,,,,,,,,,,,,,,,,,,,,,,,,,,,,
4.592979192733765,"[1, 9, 4]",inf,0,0,30.000364780426025,77,0.007020711898803711,0.038619041442871094,13758,0.004629373550415039,7332,0,inf,70805,0.47089409828186035,0,3,30,0.3435838222503662,inf,3,31.67602014541626,106,90400,3,8,0,inf,0,0,3,1401,889,,,,,,,,,,,,,,,,,,,,,,,,,,,,,,,,,,,,,,,,,,,,,,,,,,,,,,,,,,,,,,,,,,,,,,,,,,,,,,,,,,,,,,,,
2.1524834632873535,"[5, 2, 2]",inf,0,0,30.00042700767517,103,0.004573822021484375,0.06151461601257324,6645,0.004446506500244141,7271,0,inf,70217,0.24425911903381348,0,3,30,0.2092297077178955,inf,3,30.572309732437134,60,90472,3,11,0,inf,0,0,3,753,510,,,,,,,,,,,,,,,,,,,,,,,,,,,,,,,,,,,,,,,,,,,,,,,,,,,,,,,,,,,,,,,,,,,,,,,,,,,,,,,,,,,,,,,,
1.7140438556671143,"[8, 0, 1, 9]",inf,0,0,40.00032424926758,128,0.006493330001831055,0.07429909706115723,5213,0.004992961883544922,9526,0,inf,91985,2.2201547622680664,0,4,40,1.5286223888397217,inf,4,40.74928545951843,470,119003,4,14,0,inf,0,0,4,6823,3932,,,,,,,,,,,,,,,,,,,,,,,,,,,,,,,,,,,,,,,,,,,,,,,,,,,,,,,,,,,,,,,,,,,,,,,,,,,,,,,,,,,,,,,,
0.0006554126739501953,"[6, 5, 11, 6]",inf,0,0,0.0005700588226318359,12,0.0022711753845214844,0.003838777542114258,4,0.0026607513427734375,9715,0,inf,93809,0.004301786422729492,0,2,40,0.003898143768310547,inf,2,41.64775514602661,1,3,2,2,0,2,0,0,2,17,11,,,,,,,,,,,,,,,,,,,,,,,,,,,,,,,,,,,,,,,,,,,,,,,,,,,,,,,,,,,,,,,,,,,,,,,,,,,,,,,,,,,,,,,,
2.881171703338623,"[6, 11, 8, 10]",inf,0,0,40.00042009353638,106,0.004486799240112305,0.06554722785949707,6934,0.004740238189697266,9991,0,inf,96474,2.8393173217773438,0,4,40,1.8408429622650146,inf,4,40.75977873802185,589,106398,4,11,0,inf,0,0,4,8544,4934,,,,,,,,,,,,,,,,,,,,,,,,,,,,,,,,,,,,,,,,,,,,,,,,,,,,,,,,,,,,,,,,,,,,,,,,,,,,,,,,,,,,,,,,
0.014554977416992188,"[1, 3]",inf,0,0,20.00026774406433,14,0.0024459362030029297,0.004510164260864258,46,0.002474069595336914,4669,0,2,45098,0.01840496063232422,0,2,20,0.014854669570922852,2,2,20.38744354248047,4,56955,2,2,0,inf,0,0,2,59,46,,,,,,,,,,,,,,,,,,,,,,,,,,,,,,,,,,,,,,,,,,,,,,,,,,,,,,,,,,,,,,,,,,,,,,,,,,,,,,,,,,,,,,,,
2.520827531814575,"[1, 8, 3, 8]",inf,0,0,40.00101900100708,105,0.004283905029296875,0.08136630058288574,6843,0.005177497863769531,8948,0,inf,86405,2.961270809173584,0,4,40,2.381326913833618,inf,4,40.79884219169617,583,109380,4,11,0,inf,0,0,4,8453,4879,,,,,,,,,,,,,,,,,,,,,,,,,,,,,,,,,,,,,,,,,,,,,,,,,,,,,,,,,,,,,,,,,,,,,,,,,,,,,,,,,,,,,,,,
0.0046274662017822266,"[6, 11]",inf,0,0,20.000513076782227,13,0.0024585723876953125,0.006483554840087891,13,0.002334117889404297,3662,0,2,35377,0.011126518249511719,0,2,20,0.006575107574462891,2,2,20.335306406021118,1,52560,2,2,0,inf,0,0,2,26,21,,,,,,,,,,,,,,,,,,,,,,,,,,,,,,,,,,,,,,,,,,,,,,,,,,,,,,,,,,,,,,,,,,,,,,,,,,,,,,,,,,,,,,,,
2.4180235862731934,"[4, 4, 2, 2]",inf,0,0,40.00024962425232,125,0.002600431442260742,0.0887000560760498,6618,0.003319978713989258,8803,0,inf,85005,2.8386685848236084,0,4,40,2.3154008388519287,inf,4,40.74995398521423,568,105415,4,13,0,inf,0,0,4,8228,4758,,,,,,,,,,,,,,,,,,,,,,,,,,,,,,,,,,,,,,,,,,,,,,,,,,,,,,,,,,,,,,,,,,,,,,,,,,,,,,,,,,,,,,,,
1.2599225044250488,"[9, 2, 2, 7]",inf,0,0,40.00039720535278,162,0.004158973693847656,0.11638188362121582,3524,0.004913806915283203,8422,0,inf,81328,1.951390027999878,0,4,40,1.554067611694336,inf,4,40.733351945877075,359,111282,4,18,0,inf,0,0,4,5134,3008,,,,,,,,,,,,,,,,,,,,,,,,,,,,,,,,,,,,,,,,,,,,,,,,,,,,,,,,,,,,,,,,,,,,,,,,,,,,,,,,,,,,,,,,
4.292884588241577,"[8, 11, 0, 10]",inf,0,0,40.00045347213745,168,0.006083965301513672,0.1426239013671875,12084,0.004872560501098633,8854,0,inf,85498,4.787476539611816,0,4,40,2.960609197616577,inf,4,40.771132469177246,895,111442,4,19,0,inf,0,0,4,13694,7492,,,,,,,,,,,,,,,,,,,,,,,,,,,,,,,,,,,,,,,,,,,,,,,,,,,,,,,,,,,,,,,,,,,,,,,,,,,,,,,,,,,,,,,,
5.532437086105347,"[7, 8, 10, 11]",inf,0,0,40.000226736068726,199,0.006423234939575195,0.18305039405822754,15377,0.0065991878509521484,8838,0,inf,85343,6.106410980224609,0,4,40,3.9951982498168945,inf,4,40.70871877670288,1064,108646,4,23,0,inf,0,0,4,16987,8909,,,,,,,,,,,,,,,,,,,,,,,,,,,,,,,,,,,,,,,,,,,,,,,,,,,,,,,,,,,,,,,,,,,,,,,,,,,,,,,,,,,,,,,,
2.619424819946289,"[11, 3, 8, 4]",inf,0,0,40.0005738735199,224,0.015253305435180664,0.24869322776794434,7149,0.005716800689697266,8959,0,inf,86512,3.4392201900482178,0,4,40,2.159320592880249,inf,4,41.86932897567749,603,106462,4,26,0,inf,0,0,4,8759,5052,,,,,,,,,,,,,,,,,,,,,,,,,,,,,,,,,,,,,,,,,,,,,,,,,,,,,,,,,,,,,,,,,,,,,,,,,,,,,,,,,,,,,,,,
0.007281064987182617,"[9, 0]",inf,0,0,20.00057816505432,19,0.001920461654663086,0.01124429702758789,21,0.0024411678314208984,4788,0,2,46247,0.012504816055297852,0,2,20,0.009232521057128906,2,2,20.450332403182983,2,53841,2,2,0,inf,0,0,2,34,26,,,,,,,,,,,,,,,,,,,,,,,,,,,,,,,,,,,,,,,,,,,,,,,,,,,,,,,,,,,,,,,,,,,,,,,,,,,,,,,,,,,,,,,,
1.1621801853179932,"[6, 11, 1, 1]",inf,0,0,40.0005419254303,63,0.004631757736206055,0.037183523178100586,3348,0.006292819976806641,8727,0,inf,84271,1.963304042816162,0,4,40,1.3786156177520752,inf,4,40.72591471672058,345,109190,4,7,0,inf,0,0,4,4958,2892,,,,,,,,,,,,,,,,,,,,,,,,,,,,,,,,,,,,,,,,,,,,,,,,,,,,,,,,,,,,,,,,,,,,,,,,,,,,,,,,,,,,,,,,
5.18164324760437,"[10, 5, 4]",inf,0,0,30.000256538391113,190,0.004871368408203125,0.18626141548156738,14722,0.005453348159790039,6688,0,inf,64588,0.5088131427764893,0,3,30,0.41213393211364746,inf,3,30.565698862075806,110,85262,3,21,0,inf,0,0,3,1488,923,,,,,,,,,,,,,,,,,,,,,,,,,,,,,,,,,,,,,,,,,,,,,,,,,,,,,,,,,,,,,,,,,,,,,,,,,,,,,,,,,,,,,,,,
0.06318974494934082,"[5, 1, 6, 6]",inf,0,0,40.00035500526428,205,0.0038983821868896484,0.18331503868103027,184,0.0050623416900634766,8708,0,inf,84088,0.6535923480987549,0,4,40,0.5607461929321289,4,4,40.742785692214966,129,109684,4,24,0,inf,0,0,4,1794,1086,,,,,,,,,,,,,,,,,,,,,,,,,,,,,,,,,,,,,,,,,,,,,,,,,,,,,,,,,,,,,,,,,,,,,,,,,,,,,,,,,,,,,,,,
4.574876070022583,"[3, 6, 4]",inf,0,0,30.000646352767944,146,0.004514932632446289,0.10903120040893555,13371,0.004787921905517578,6847,0,inf,66124,0.4618098735809326,0,3,30,0.3348417282104492,inf,3,30.546724557876587,103,84313,3,16,0,inf,0,0,3,1366,862,,,,,,,,,,,,,,,,,,,,,,,,,,,,,,,,,,,,,,,,,,,,,,,,,,,,,,,,,,,,,,,,,,,,,,,,,,,,,,,,,,,,,,,,
0.6642255783081055,"[11, 10, 1, 0]",inf,0,0,40.000208616256714,227,0.005543708801269531,0.2034454345703125,1970,0.0029065608978271484,8503,0,4,82110,1.3336617946624756,0,4,40,0.846019983291626,4,4,40.71088242530823,248,114056,4,26,0,inf,0,0,4,3580,2081,,,,,,,,,,,,,,,,,,,,,,,,,,,,,,,,,,,,,,,,,,,,,,,,,,,,,,,,,,,,,,,,,,,,,,,,,,,,,,,,,,,,,,,,
6.568588733673096,"[11, 6, 3, 5]",inf,0,0,40.00041747093201,218,0.0027618408203125,0.22384905815124512,17160,0.0047969818115234375,8680,0,inf,83818,6.9174182415008545,0,4,40,4.069048166275024,inf,4,41.372469902038574,1171,108312,4,25,0,inf,0,0,4,18770,9808,,,,,,,,,,,,,,,,,,,,,,,,,,,,,,,,,,,,,,,,,,,,,,,,,,,,,,,,,,,,,,,,,,,,,,,,,,,,,,,,,,,,,,,,
0.021721363067626953,"[1, 2]",inf,0,0,20.000698566436768,14,0.004556417465209961,0.005347490310668945,67,0.004484891891479492,4638,0,inf,44799,0.02588057518005371,0,2,20,0.020699262619018555,inf,2,20.3788959980011,6,49809,2,2,0,inf,0,0,2,80,63,,,,,,,,,,,,,,,,,,,,,,,,,,,,,,,,,,,,,,,,,,,,,,,,,,,,,,,,,,,,,,,,,,,,,,,,,,,,,,,,,,,,,,,,
1.506824254989624,"[1, 5, 3, 7]",inf,0,0,40.00036072731018,80,0.005284786224365234,0.03783679008483887,3991,0.004542827606201172,8273,0,inf,79889,1.9616491794586182,0,4,40,1.5646030902862549,inf,4,40.721030473709106,392,104368,4,8,0,inf,0,0,4,5601,3278,,,,,,,,,,,,,,,,,,,,,,,,,,,,,,,,,,,,,,,,,,,,,,,,,,,,,,,,,,,,,,,,,,,,,,,,,,,,,,,,,,,,,,,,
80.00049829483032,"[10, 5, 8, 2, 5, 0, 4, 4]",inf,0,0,80.00038480758667,1732,0.004332065582275391,8.31589961051941,224110,0.004484891891479492,18318,0,inf,176845,80.00011944770813,0,inf,80,83.44617700576782,inf,inf,85.11814761161804,17432,228346,inf,206,0,inf,0,0,6,222422,145976,,,,,,,,,,,,,,,,,,,,,,,,,,,,,,,,,,,,,,,,,,,,,,,,,,,,,,,,,,,,,,,,,,,,,,,,,,,,,,,,,,,,,,,,
11.72171401977539,"[9, 2, 6, 7, 6]",inf,0,0,50.00021553039551,245,0.006306648254394531,0.22346735000610352,34186,0.004548311233520508,12021,0,inf,116070,7.73000431060791,0,5,50,4.486843824386597,inf,5,51.03303933143616,1293,144182,5,29,0,inf,0,0,5,20798,10831,,,,,,,,,,,,,,,,,,,,,,,,,,,,,,,,,,,,,,,,,,,,,,,,,,,,,,,,,,,,,,,,,,,,,,,,,,,,,,,,,,,,,,,,
80.00041270256042,"[10, 1, 0, 3, 9, 1, 6, 9]",inf,0,0,80.00038504600525,1761,0.0071408748626708984,8.490796089172363,225508,0.007109165191650391,17702,0,inf,170902,80.00006079673767,0,inf,80,81.44211864471436,inf,inf,81.47474527359009,18442,217799,inf,210,0,inf,0,0,6,224535,154433,,,,,,,,,,,,,,,,,,,,,,,,,,,,,,,,,,,,,,,,,,,,,,,,,,,,,,,,,,,,,,,,,,,,,,,,,,,,,,,,,,,,,,,,
80.00023627281189,"[6, 11, 9, 2, 2, 0, 6, 1]",inf,0,0,80.00052165985107,803,0.009326934814453125,1.7949707508087158,226065,0.007924556732177734,18438,0,inf,178003,80.00005078315735,0,inf,80,81.33851194381714,inf,inf,83.74285292625427,18085,213777,inf,95,0,inf,0,0,6,217461,151445,,,,,,,,,,,,,,,,,,,,,,,,,,,,,,,,,,,,,,,,,,,,,,,,,,,,,,,,,,,,,,,,,,,,,,,,,,,,,,,,,,,,,,,,
60.00021028518677,"[2, 10, 11, 10, 6, 2]",inf,0,0,60.00028109550476,1118,0.0058748722076416016,3.3721163272857666,165032,0.008938312530517578,13566,0,inf,130984,60.00005221366882,0,inf,60,61.0640435218811,inf,inf,61.07577681541443,15365,166384,inf,133,0,inf,0,0,6,168645,128669,,,,,,,,,,,,,,,,,,,,,,,,,,,,,,,,,,,,,,,,,,,,,,,,,,,,,,,,,,,,,,,,,,,,,,,,,,,,,,,,,,,,,,,,
80.00015187263489,"[3, 6, 3, 4, 9, 6, 4, 2]",inf,0,0,80.00067067146301,5282,0.011633872985839844,80.41432309150696,217538,0.009509801864624023,18831,0,inf,181799,80.00039863586426,0,inf,80,81.36173915863037,inf,inf,84.75985813140869,18717,219542,inf,630,0,inf,0,0,inf,239662,156735,,,,,,,,,,,,,,,,,,,,,,,,,,,,,,,,,,,,,,,,,,,,,,,,,,,,,,,,,,,,,,,,,,,,,,,,,,,,,,,,,,,,,,,,
70.00010538101196,"[4, 1, 9, 11, 5, 1, 9]",inf,0,0,70.00030088424683,619,0.0033283233642578125,1.1282014846801758,209345,0.004484415054321289,16332,0,inf,157685,18.64956784248352,0,inf,70,11.421214818954468,inf,5,71.34452962875366,3275,211037,5,73,0,inf,0,0,5,55027,27427,,,,,,,,,,,,,,,,,,,,,,,,,,,,,,,,,,,,,,,,,,,,,,,,,,,,,,,,,,,,,,,,,,,,,,,,,,,,,,,,,,,,,,,,
90.00019955635071,"[8, 6, 0, 11, 0, 2, 4, 5, 6]",inf,0,0,90.00036406517029,3788,0.004172801971435547,34.6580126285553,280730,0.00453495979309082,22878,0,inf,220877,90.00010347366333,0,inf,90,91.46959972381592,inf,inf,91.72603297233582,21725,281333,inf,451,0,inf,0,0,7,280989,181916,,,,,,,,,,,,,,,,,,,,,,,,,,,,,,,,,,,,,,,,,,,,,,,,,,,,,,,,,,,,,,,,,,,,,,,,,,,,,,,,,,,,,,,,
70.00031638145447,"[9, 9, 4, 8, 0, 5, 6]",inf,0,0,70.00045108795166,1363,0.006167411804199219,4.490764379501343,217813,0.008728504180908203,17314,0,inf,167160,65.1937906742096,0,inf,70,44.04358744621277,inf,5,72.33852195739746,10773,218987,5,162,0,inf,0,0,5,202685,90211,,,,,,,,,,,,,,,,,,,,,,,,,,,,,,,,,,,,,,,,,,,,,,,,,,,,,,,,,,,,,,,,,,,,,,,,,,,,,,,,,,,,,,,,
80.00034308433533,"[2, 10, 3, 3, 0, 7, 7, 11]",inf,0,0,80.00034785270691,5788,0.006261110305786133,80.47076034545898,249645,0.0045871734619140625,19833,0,inf,191476,80.00006246566772,0,inf,80,81.37010526657104,inf,inf,81.48458290100098,20921,249051,inf,690,0,inf,0,0,inf,250373,175188,,,,,,,,,,,,,,,,,,,,,,,,,,,,,,,,,,,,,,,,,,,,,,,,,,,,,,,,,,,,,,,,,,,,,,,,,,,,,,,,,,,,,,,,
4.252859354019165,"[6, 10, 10, 3]",inf,0,0,40.00024724006653,157,0.004746437072753906,0.12912487983703613,11402,0.00527191162109375,8038,0,inf,77620,4.894966125488281,0,4,40,3.9661381244659424,inf,4,40.77845072746277,848,107042,4,17,0,inf,0,0,4,13012,7097,1495,0.028851747512817383,0.011037826538085938,inf,4,0.03334641456604004,40.18964457511902,inf,0,6,49,0.011686563491821289,0.019761085510253906,4,inf,50,41,0,14282,4,6,0,4,0,,,,,,,,,,,,,,,,,,,,,,,,,,,,,,,,,,,,,,,,,,,,,,,,,,,,,,,,,,,,,,,,
2.3904502391815186,"[0, 3, 9, 0, 8]",inf,0,0,50.000439167022705,33,0.003221750259399414,0.012906312942504883,5994,0.004862546920776367,7981,0,inf,77071,0.26662445068359375,0,3,50,0.2655212879180908,inf,3,50.85254406929016,56,124932,3,4,0,inf,0,0,3,695,463,3,0.012293815612792969,0.008769035339355469,inf,3,0.024754047393798828,0.010951757431030273,inf,0,4,40,0.0036280155181884766,0.01488184928894043,3,3,31,32,0,32,3,5,0,3,0,,,,,,,,,,,,,,,,,,,,,,,,,,,,,,,,,,,,,,,,,,,,,,,,,,,,,,,,,,,,,,,,
0.03254580497741699,"[2, 4, 8, 4, 9, 3]",inf,0,0,60.000561475753784,20,0.002277851104736328,0.00637364387512207,108,0.002293825149536133,14931,0,inf,144162,0.036449432373046875,0,2,60,0.039582014083862305,inf,2,64.35052752494812,9,190733,2,2,0,inf,0,0,2,121,90,2,0.0067653656005859375,0.005577802658081055,2,2,0.012729883193969727,0.006728410720825195,2,0,3,30,0.004400491714477539,0.007951974868774414,2,2,21,22,0,22,2,4,0,2,0,,,,,,,,,,,,,,,,,,,,,,,,,,,,,,,,,,,,,,,,,,,,,,,,,,,,,,,,,,,,,,,,
0.43039608001708984,"[7, 11, 6]",inf,0,0,30.000205755233765,32,0.005077362060546875,0.012302398681640625,1369,0.00471806526184082,8228,0,inf,79455,0.08352184295654297,0,3,30,0.07099771499633789,inf,3,30.629881858825684,23,94578,3,3,0,inf,0,0,3,273,190,3,0.011518478393554688,0.005647897720336914,inf,3,0.018834829330444336,0.009909629821777344,inf,0,4,39,0.006369113922119141,0.011397600173950195,3,3,30,31,0,31,3,5,0,3,0,,,,,,,,,,,,,,,,,,,,,,,,,,,,,,,,,,,,,,,,,,,,,,,,,,,,,,,,,,,,,,,,
70.00009512901306,"[1, 9, 7, 7, 4, 8, 5]",inf,0,0,70.00048518180847,863,0.005303382873535156,2.8619608879089355,192970,0.005005598068237305,14519,0,inf,140184,65.66821599006653,0,inf,70,44.33947205543518,inf,5,71.46948719024658,10771,173955,5,102,0,inf,0,0,5,202637,90193,2306,70.38307881355286,0.009059667587280273,inf,5,0.05195808410644531,70.22426533699036,inf,0,316,68,0.013971567153930664,0.021373987197875977,5,inf,3007,51,0,22104,inf,8,0,5,0,,,,,,,,,,,,,,,,,,,,,,,,,,,,,,,,,,,,,,,,,,,,,,,,,,,,,,,,,,,,,,,,
6.208828926086426,"[3, 0, 1, 4, 10, 4, 10, 11]",inf,0,0,80.00025939941406,198,0.013487815856933594,0.21762800216674805,15176,0.007245063781738281,13352,0,inf,128919,6.816981554031372,0,4,80,7.125750780105591,inf,4,81.52438879013062,1048,194368,4,23,0,inf,0,0,4,16786,8777,4,0.02488565444946289,0.008243799209594727,inf,4,0.02933478355407715,0.01775836944580078,inf,0,5,41,0.005329608917236328,0.020812511444091797,4,4,41,42,0,42,4,5,0,4,0,,,,,,,,,,,,,,,,,,,,,,,,,,,,,,,,,,,,,,,,,,,,,,,,,,,,,,,,,,,,,,,,
3.3286051750183105,"[8, 9, 2]",inf,0,0,30.001004934310913,123,0.003888368606567383,0.10750675201416016,8167,0.007332563400268555,6262,0,inf,60476,0.36426663398742676,0,3,30,0.28754663467407227,inf,3,31.95158815383911,71,73184,3,13,0,inf,0,0,3,892,595,1360,0.4092824459075928,0.005584239959716797,inf,3,0.02667713165283203,30.17288064956665,inf,0,25,41,0.004576683044433594,0.032010793685913086,3,inf,231,51,0,12884,3,5,0,6,0,,,,,,,,,,,,,,,,,,,,,,,,,,,,,,,,,,,,,,,,,,,,,,,,,,,,,,,,,,,,,,,,
70.00023460388184,"[8, 8, 0, 0, 9, 8, 11]",inf,0,0,70.0002121925354,5528,0.004488468170166016,70.23831033706665,221932,0.004442453384399414,17498,0,inf,168934,70.00018119812012,0,inf,70,70.8608021736145,inf,inf,72.5495994091034,13059,222359,inf,658,0,inf,0,0,inf,221039,109361,2446,12.281178712844849,0.008339643478393555,inf,inf,2.722121477127075,70.2193078994751,inf,0,158,708,0.008348226547241211,70.21836280822754,7,inf,1490,22868,0,23294,7,79,0,2415,0,,,,,,,,,,,,,,,,,,,,,,,,,,,,,,,,,,,,,,,,,,,,,,,,,,,,,,,,,,,,,,,,
0.7289443016052246,"[5, 10, 5, 6]",inf,0,0,40.000319480895996,212,0.009102106094360352,0.2956862449645996,1584,0.00775146484375,8930,0,inf,86231,1.7349927425384521,0,4,40,0.8421192169189453,inf,4,41.21686911582947,229,90990,4,24,0,inf,0,0,4,3194,1922,1433,0.10715126991271973,0.0061185359954833984,inf,4,0.028634309768676758,40.12249970436096,inf,0,13,49,0.008333206176757812,0.016476154327392578,4,inf,118,41,0,13680,4,6,0,4,0,,,,,,,,,,,,,,,,,,,,,,,,,,,,,,,,,,,,,,,,,,,,,,,,,,,,,,,,,,,,,,,,
1.357111930847168,"[11, 2, 7, 1, 10]",inf,0,0,50.00013494491577,125,0.0031082630157470703,0.03720593452453613,8492,0.0024254322052001953,21970,0,inf,212108,0.14890384674072266,0,3,50,0.16905903816223145,inf,3,50.98088240623474,73,300005,3,13,0,inf,0,0,3,921,615,3,0.00623011589050293,0.0016934871673583984,3,3,0.010070562362670898,0.005427837371826172,3,0,4,39,0.003484487533569336,0.00630950927734375,3,3,30,31,0,31,3,5,0,3,0,,,,,,,,,,,,,,,,,,,,,,,,,,,,,,,,,,,,,,,,,,,,,,,,,,,,,,,,,,,,,,,,
0.4675579071044922,"[4, 2, 10, 0, 11]",inf,0,0,50.00023627281189,51,0.0031113624572753906,0.01163339614868164,2866,0.0024302005767822266,21388,0,inf,206486,0.06819677352905273,0,3,50,0.06426811218261719,inf,3,50.94517636299133,33,304571,3,5,0,inf,0,0,3,409,276,3,0.0060732364654541016,0.0030944347381591797,inf,3,0.01006627082824707,0.0052945613861083984,inf,0,4,39,0.0026438236236572266,0.00619053840637207,3,3,30,31,0,31,3,5,0,3,0,,,,,,,,,,,,,,,,,,,,,,,,,,,,,,,,,,,,,,,,,,,,,,,,,,,,,,,,,,,,,,,,
1.27821946144104,"[5, 7, 2]",inf,0,0,30.00038242340088,121,0.002728700637817383,0.035784006118774414,7841,0.002432584762573242,14541,0,inf,140396,0.14181017875671387,0,3,30,0.13725042343139648,inf,3,32.33590769767761,69,180466,3,13,0,inf,0,0,3,862,584,24,0.03612971305847168,0.0031125545501708984,inf,3,0.0073146820068359375,0.04407167434692383,inf,0,11,31,0.003522157669067383,0.006238222122192383,3,3,100,32,0,234,3,4,0,3,0,,,,,,,,,,,,,,,,,,,,,,,,,,,,,,,,,,,,,,,,,,,,,,,,,,,,,,,,,,,,,,,,
90.00012612342834,"[2, 4, 11, 9, 1, 7, 7, 6, 10]",inf,0,0,90.00013780593872,9106,0.004427433013916016,90.3648910522461,545076,0.004578828811645508,41231,0,inf,398045,90.00010991096497,0,inf,90,91.48503947257996,inf,inf,91.88858389854431,39507,546169,inf,1086,0,inf,0,0,inf,540632,330747,4337,90.17533588409424,0.005488157272338867,inf,inf,0.19687581062316895,90.23125505447388,inf,0,594,260,0.0065462589263916016,90.21111130714417,7,inf,5622,37996,0,41438,inf,28,0,4032,0,,,,,,,,,,,,,,,,,,,,,,,,,,,,,,,,,,,,,,,,,,,,,,,,,,,,,,,,,,,,,,,,
100.00015091896057,"[4, 8, 11, 4, 5, 2, 10, 11, 3, 11]",inf,0,0,100.00016570091248,9400,0.0027964115142822266,100.40055584907532,606594,0.003189563751220703,42972,0,inf,414851,100.00007796287537,0,inf,100,101.68149590492249,inf,inf,101.95853042602539,44816,608272,inf,1122,0,inf,0,0,inf,597206,375174,4469,100.23108863830566,0.005762815475463867,inf,inf,100.17220306396484,100.21409511566162,inf,0,633,5464,0.006711006164550781,100.25568294525146,inf,inf,5949,39145,0,42843,inf,620,0,4181,0,,,,,,,,,,,,,,,,,,,,,,,,,,,,,,,,,,,,,,,,,,,,,,,,,,,,,,,,,,,,,,,,
0.013236761093139648,"[10, 9]",inf,0,0,20.00017237663269,21,0.0016710758209228516,0.0036084651947021484,83,0.0012664794921875,8086,0,2,78084,0.01593780517578125,0,2,20,0.016968965530395508,2,2,20.353622913360596,7,106841,2,2,0,inf,0,0,2,96,74,2,0.0036296844482421875,0.0016434192657470703,2,2,0.0042264461517333984,0.0036230087280273438,2,0,3,21,0.0021452903747558594,0.004250288009643555,2,2,21,22,0,22,2,3,0,2,0,,,,,,,,,,,,,,,,,,,,,,,,,,,,,,,,,,,,,,,,,,,,,,,,,,,,,,,,,,,,,,,,
100.0000672340393,"[10, 0, 4, 2, 1, 8, 0, 9, 2, 8]",inf,0,0,100.00031995773315,9050,0.0045623779296875,100.30679273605347,601370,0.006127357482910156,44303,0,inf,427707,100.00011706352234,0,inf,100,103.19140791893005,inf,inf,102.77890205383301,42182,593205,inf,1080,0,inf,0,0,inf,594570,353136,4374,100.07482838630676,0.0056989192962646484,inf,inf,100.1872866153717,100.23013401031494,inf,0,604,5807,0.004006147384643555,100.23452711105347,inf,inf,5753,40384,0,41976,inf,653,0,4283,0,,,,,,,,,,,,,,,,,,,,,,,,,,,,,,,,,,,,,,,,,,,,,,,,,,,,,,,,,,,,,,,,
50.000223875045776,"[7, 5, 10, 2, 5]",inf,0,0,50.000205993652344,907,0.0027337074279785156,1.2289025783538818,291797,0.0025217533111572266,21681,0,inf,209316,34.07364320755005,0,inf,50,23.828948259353638,inf,5,50.97600746154785,10861,290286,5,108,0,inf,0,0,5,204058,90941,3033,50.03751587867737,0.00591588020324707,inf,5,0.018896102905273438,50.13477158546448,inf,0,424,59,0.00712275505065918,0.011945962905883789,5,inf,3999,51,0,28876,inf,7,0,5,0,,,,,,,,,,,,,,,,,,,,,,,,,,,,,,,,,,,,,,,,,,,,,,,,,,,,,,,,,,,,,,,,
0.06476163864135742,"[9, 5]",inf,0,0,20.00035309791565,19,0.007497072219848633,0.006438016891479492,142,0.005585908889770508,3845,0,inf,37144,0.08929729461669922,0,2,20,0.04781341552734375,inf,2,20.639001607894897,12,53750,2,2,0,inf,0,0,2,155,111,2,0.008864879608154297,0.00618290901184082,inf,2,0.00866556167602539,0.011135578155517578,inf,0,3,21,0.0044515132904052734,0.007999420166015625,2,2,21,22,0,22,2,3,0,2,0,0,0,21,22,0.0076825618743896484,0,inf,2,2,0.010619640350341797,0.007522106170654297,3,0.007125377655029297,2,inf,0,,,,,,,,,,,,,,,,,,,,,,,,,,,,,,,,,,,,,,,,,,,,,,,,
0.7674520015716553,"[10, 9, 0]",inf,0,0,30.000255584716797,47,0.0035495758056640625,0.020529508590698242,2359,0.0024237632751464844,6761,0,3,65293,0.11160445213317871,0,3,30,0.11129379272460938,3,3,30.5155508518219,29,93873,3,5,0,inf,0,0,3,363,248,25,0.07201075553894043,0.0030066967010498047,3,3,0.012899160385131836,0.09479880332946777,3,0,11,31,0.00432896614074707,0.011881589889526367,3,3,101,31,0,233,3,4,0,4,0,0,0,31,31,0.011864662170410156,0,5,4,3,0.004379987716674805,0.009922266006469727,4,0.010939359664916992,3,inf,0,3,3,0.01262807846069336,28,28,3,3,28,3,0.012512683868408203,0.01310586929321289,3,,,,,,,,,,,,,,,,,,,,,,,,,,,,,,,,,,,,
0.010223865509033203,"[10, 7]",inf,0,0,20.00022006034851,21,0.002376079559326172,0.0067577362060546875,35,0.002367734909057617,4987,0,2,48168,0.014446496963500977,0,2,20,0.011643171310424805,2,2,20.37247920036316,3,64063,2,2,0,inf,0,0,2,48,38,3,0.006789445877075195,0.002962827682495117,2,2,0.00786137580871582,0.006733894348144531,2,0,3,21,0.002923250198364258,0.0077075958251953125,2,2,21,21,0,21,2,3,0,3,0,0,0,21,21,0.007246494293212891,0,2,3,2,0.0025746822357177734,0.0025331974029541016,3,0.006993293762207031,2,2,0,2,2,0.008433103561401367,21,21,2,2,21,2,0.008493900299072266,0.00841832160949707,2,,,,,,,,,,,,,,,,,,,,,,,,,,,,,,,,,,,,
4.253183126449585,"[4, 5, 10]",inf,0,0,30.00021195411682,175,0.0044651031494140625,0.1264197826385498,13273,0.004476308822631836,7625,0,inf,73634,0.4295179843902588,0,3,30,0.31493306159973145,inf,3,30.591880798339844,102,84902,3,19,0,inf,0,0,3,1356,856,1501,0.30448436737060547,0.005483150482177734,inf,3,0.0190122127532959,30.14116406440735,inf,0,25,41,0.005509376525878906,0.019484281539916992,3,inf,231,51,0,14232,3,5,0,6,0,0,0,466,13947,1.183791160583496,0,inf,1463,3,0.004829883575439453,0.004894256591796875,50,30.13833522796631,inf,inf,0,7,3,0.037964582443237305,72,72,7,3,72,7,0.03853750228881836,0.0412592887878418,3,,,,,,,,,,,,,,,,,,,,,,,,,,,,,,,,,,,,
4.044881582260132,"[10, 7, 10]",inf,0,0,30.000287771224976,169,0.005120992660522461,0.11950421333312988,12188,0.0066411495208740234,5751,0,inf,55543,0.401857852935791,0,3,30,0.4069371223449707,inf,3,30.434375762939453,96,95322,3,19,0,inf,0,0,3,1258,807,1533,0.22734761238098145,0.005536794662475586,inf,3,0.016737937927246094,30.153327703475952,inf,0,17,31,0.005561351776123047,0.011737585067749023,3,inf,157,31,0,14623,3,4,0,4,0,0,0,191,14163,0.29854321479797363,0,inf,1499,3,0.0036492347717285156,0.004751682281494141,21,30.18889594078064,inf,inf,0,3,3,0.036107778549194336,25,25,3,3,25,3,0.03343844413757324,0.01843738555908203,3,,,,,,,,,,,,,,,,,,,,,,,,,,,,,,,,,,,,
0.03631091117858887,"[9, 4]",inf,0,0,20.000407695770264,19,0.00817251205444336,0.0069501399993896484,118,0.007006168365478516,4221,0,inf,40774,0.040610313415527344,0,2,20,0.04201841354370117,inf,2,20.329225778579712,10,55049,2,2,0,inf,0,0,2,131,96,3,0.007073163986206055,0.0072247982025146484,inf,2,0.00795602798461914,0.007465362548828125,inf,0,3,21,0.007302045822143555,0.009584426879882812,2,2,21,21,0,21,2,3,0,3,0,0,0,126,491,0.11374163627624512,0,inf,53,2,0.01330113410949707,0.008418798446655273,14,0.2238142490386963,2,inf,0,2,2,0.007739067077636719,19,19,2,2,19,2,0.007760286331176758,0.007934808731079102,2,,,,,,,,,,,,,,,,,,,,,,,,,,,,,,,,,,,,
0.004106998443603516,"[0, 4, 10]",inf,0,0,0.0008552074432373047,2,0.0005521774291992188,0.0010461807250976562,15,0.0028307437896728516,7337,0,1,70853,0.0007317066192626953,0,1,30,0.0005199909210205078,1,1,31.78327775001526,0,4,1,1,0,3,0,0,1,4,1,2,0.0032167434692382812,0.002811431884765625,1,1,0.003492116928100586,0.0034677982330322266,1,0,2,11,0.0007016658782958984,0.0039234161376953125,1,1,11,11,0,11,1,2,0,2,0,0,0,11,11,0.003742218017578125,0,1,2,1,0.0006430149078369141,0.0024950504302978516,2,0.004174232482910156,1,1,0,1,1,0.0012996196746826172,2,2,1,1,2,1,0.0013701915740966797,0.0013267993927001953,1,,,,,,,,,,,,,,,,,,,,,,,,,,,,,,,,,,,,
0.02704644203186035,"[6, 0, 3]",inf,0,0,30.000465631484985,8,0.0016200542449951172,0.0028929710388183594,87,0.0026183128356933594,7443,0,1,71877,0.002697467803955078,0,1,30,0.0020520687103271484,1,1,30.569400310516357,0,92403,1,1,0,inf,0,0,1,10,7,2,0.003385305404663086,0.002833127975463867,1,1,0.003536701202392578,0.004014015197753906,1,0,2,11,0.0019598007202148438,0.0040590763092041016,1,1,11,11,0,11,1,2,0,2,0,0,0,11,11,0.0033903121948242188,0,1,2,1,0.0017244815826416016,0.002644777297973633,2,0.00366973876953125,1,1,0,1,1,0.0035698413848876953,8,8,1,1,8,1,0.0032813549041748047,0.003262042999267578,1,,,,,,,,,,,,,,,,,,,,,,,,,,,,,,,,,,,,
3.747971534729004,"[0, 4, 3]",inf,0,0,30.000308752059937,40,0.0063288211822509766,0.017087459564208984,11450,0.0052394866943359375,6532,0,inf,63082,0.38736486434936523,0,3,30,0.28997206687927246,inf,3,31.794418811798096,91,85786,3,4,0,inf,0,0,3,1191,760,4,0.013306379318237305,0.005881786346435547,inf,3,0.013501167297363281,0.013010740280151367,3,0,4,31,0.0075206756591796875,0.013996362686157227,3,3,31,31,0,31,3,4,0,4,0,0,0,144,732,0.15364456176757812,0,inf,78,3,0.0057408809661865234,0.008271455764770508,16,0.3381977081298828,3,inf,0,3,3,0.016792774200439453,31,31,3,3,31,3,0.021209716796875,0.0162661075592041,3,,,,,,,,,,,,,,,,,,,,,,,,,,,,,,,,,,,,
0.1555635929107666,"[9, 1, 6]",inf,0,0,30.000592708587646,25,0.0023512840270996094,0.014018535614013672,475,0.002393960952758789,6515,0,3,62918,0.06370425224304199,0,3,30,0.05523347854614258,3,3,30.52263307571411,16,89323,3,3,0,inf,0,0,3,192,136,4,0.012192249298095703,0.003107786178588867,3,3,0.019985198974609375,0.010278940200805664,3,0,4,40,0.003192901611328125,0.011583805084228516,3,3,31,31,0,31,3,5,0,4,0,0,0,31,31,0.012116193771362305,0,inf,4,3,0.002772092819213867,0.004777431488037109,4,0.010760307312011719,3,inf,0,3,3,0.012035846710205078,25,25,3,3,25,3,0.019870519638061523,0.01179814338684082,3,,,,,,,,,,,,,,,,,,,,,,,,,,,,,,,,,,,,
0.024300575256347656,"[0, 1]",inf,0,0,20.00221562385559,12,0.006684064865112305,0.008453369140625,41,0.008919000625610352,2640,0,inf,25511,0.031655311584472656,0,2,20,0.027057409286499023,inf,2,21.30257797241211,4,23987,2,2,0,inf,0,0,2,54,42,3,0.013390064239501953,0.01025843620300293,inf,2,0.014683961868286133,0.01800847053527832,inf,0,3,21,0.007825613021850586,0.016539573669433594,2,2,21,21,0,21,2,3,0,3,0,0,0,41,51,0.034497737884521484,0,inf,6,2,0.008368492126464844,0.01395869255065918,5,0.0376126766204834,2,inf,0,2,2,0.009671688079833984,12,12,2,2,12,2,0.009559869766235352,0.010436773300170898,2,0,0.0034029483795166016,826280,1190327,341096,811772,864775,328260,408511,497747,750135,446515,459231,458567,0,599091,2,682919,659576,686144,524691,367312199,421227,1121527,735339,672860,,,,,,,,,,
0.029526233673095703,"[4, 0]",inf,0,0,20.003953218460083,20,0.006879329681396484,0.017630815505981445,24,0.004931926727294922,2678,0,2,25878,0.026041269302368164,0,2,20,0.01842188835144043,2,2,21.471238136291504,2,21765,2,2,0,inf,0,0,2,37,29,3,0.014308929443359375,0.009480476379394531,2,2,0.015230894088745117,0.015116453170776367,2,0,3,21,0.005877017974853516,0.016729116439819336,2,2,21,21,0,21,2,3,0,3,0,0,0,31,31,0.025703907012939453,0,inf,4,2,0.005919456481933594,0.00927734375,4,0.02233123779296875,2,inf,0,2,2,0.016379833221435547,20,20,2,2,20,2,0.016397476196289062,0.016811370849609375,2,0,0.008234739303588867,847363,927751,364668,832999,718220,351832,418407,482363,772751,469091,481815,444063,0,619403,2,706991,786531,813195,651883,372609652,431283,1000919,757955,799863,,,,,,,,,,
0.00012946128845214844,"[8, 2]",0,0,0,0.00012159347534179688,2,0.00035119056701660156,0.0007958412170410156,1,0.0006961822509765625,0,0,0,0,0.0001437664031982422,0,0,20,5.53131103515625e-05,0,0,4.7206878662109375e-05,0,1,0,0,0,0,0,0,0,1,1,1,0.00036835670471191406,0.0008840560913085938,0,0,0.00045943260192871094,0.0007619857788085938,0,0,1,0,0.00046133995056152344,0.0006597042083740234,0,0,0,0,0,0,0,1,0,1,0,0,0,0,0,0.00044846534729003906,0,0,1,0,0.0005099773406982422,0.0009548664093017578,1,0.000537872314453125,0,0,0,0,0,0.0014274120330810547,2,2,0,0,2,0,0.0014536380767822266,0.0015382766723632812,0,0,0.00047516822814941406,576369,509773,362304,562749,324405,349700,404445,470473,497729,443745,458149,430893,0,602529,0,366916,536921,563121,402556,336953,418849,588413,483325,550021,,,,,,,,,,
19.599623918533325,"[8, 7, 2]",inf,0,7049,30.009243488311768,121,0.02238178253173828,0.3852839469909668,705,0.018201351165771484,1302,775,inf,12590,2.100888252258301,0,3,30,1.0366249084472656,inf,3,31.77749276161194,69,1066,3,13,0,inf,0,10677,3,76,577,584,2.03302264213562,0.020618915557861328,inf,3,0.1683483123779297,30.65176486968994,inf,0,25,41,0.013567686080932617,0.1731250286102295,3,inf,231,51,0,5540,3,5,0,6,0,0,0,312,5879,3.358250617980957,0,inf,621,3,0.010380983352661133,0.009570121765136719,34,30.534159660339355,inf,inf,0,7,3,0.2594878673553467,64,64,7,3,64,7,0.24859309196472168,0.3276631832122803,3,1,0.13057994842529297,634049,84825692,116148,3341805,8431075,69426,82810,76344,780269,87834,88207,74214,4,126179,3,387929,982257,980510,1783478,180649699,85431,4486904,79963236,983401,1214,220887,inf,30.001625776290894,30.00035333633423,10,1767,inf,224655,8
25.504284143447876,"[1, 0, 10]",inf,0,10901,30.00445318222046,71,0.024996280670166016,0.21930670738220215,1091,0.03811144828796387,1194,1126,inf,11547,3.0611014366149902,0,3,30,1.4614942073822021,inf,3,31.93360710144043,95,1024,3,8,0,inf,0,10263,3,111,792,25,0.4397087097167969,0.04345083236694336,inf,3,0.10512447357177734,0.6341698169708252,inf,0,11,31,0.02643442153930664,0.08770751953125,3,3,101,31,0,233,3,4,0,4,0,0,0,950,5146,19.46878981590271,0,inf,543,3,0.0339207649230957,0.03144049644470215,101,30.640764236450195,inf,inf,0,3,3,0.07451033592224121,24,24,3,3,24,3,0.10231637954711914,0.04621386528015137,3,0,0.03759884834289551,502461,74324539,90893,1488275,11544895,72459,84940,103916,503499,90686,103481,102066,4,104420,3,412323,400701,405535,1072328,165723454,99921,13541516,3398415,402113,1959,259056,inf,30.001232624053955,30.002299785614014,9,2109,inf,356040,20
0.07239294052124023,"[3, 7]",inf,0,30,20.001861572265625,15,0.01967763900756836,0.05604839324951172,2,0.011730432510375977,1003,41,2,9702,0.1417844295501709,0,2,20,0.0428316593170166,2,2,21.102851152420044,3,916,2,2,0,inf,0,9193,2,3,37,3,0.06352972984313965,0.03043842315673828,2,2,0.1438157558441162,0.03241109848022461,2,0,3,30,0.01645803451538086,0.03797769546508789,2,2,21,21,0,21,2,4,0,3,0,0,0,21,21,0.050219058990478516,0,inf,3,2,0.01555943489074707,0.02735114097595215,3,0.03936433792114258,2,inf,0,2,2,0.02525019645690918,15,15,2,2,15,2,0.026782512664794922,0.04192018508911133,2,0,0.011774539947509766,490474,353030,68218,358367,539120,51570,73524,92205,352515,90908,91708,89648,3,84683,2,408378,278886,279806,233582,139357386,76145,305596,347402,279375,1284,132657,6,0.04802417755126953,20.00096368789673,7,0,inf,342958,20
